Отчет №0;27
Отчет №1;2
Отчет №2;18
Отчет №3;32
Отчет №4;29
Отчет №5;49
Отчет №6;38
Отчет №7;34
Отчет №8;38
Отчет №9;19
Отчет №10;15
Отчет №11;4
Отчет №12;30
Отчет №13;48
Отчет №14;45
Отчет №15;23
Отчет №16;45
Отчет №17;24
Отчет №18;38
Отчет №19;12
Отчет №20;17
Отчет №21;5
Отчет №22;26
Отчет №23;47
Отчет №24;9
Отчет №25;6
Отчет №26;20
Отчет №27;16
Отчет №28;22
Отчет №29;24
Отчет №30;26
Отчет №31;16
Отчет №32;12
Отчет №33;25
Отчет №34;27
Отчет №35;45
Отчет №36;23
Отчет №37;3
Отчет №38;22
Отчет №39;46
Отчет №40;20
Отчет №41;5
Отчет №42;49
Отчет №43;14
Отчет №44;50
Отчет №45;39
Отчет №46;9
Отчет №47;45
Отчет №48;39
Отчет №49;13
Отчет №50;4
Отчет №51;1
Отчет №52;1
Отчет №53;19
Отчет №54;44
Отчет №55;10
Отчет №56;35
Отчет №57;6
Отчет №58;49
Отчет №59;33
Отчет №60;39
Отчет №61;40
Отчет №62;32
Отчет №63;20
Отчет №64;36
Отчет №65;18
Отчет №66;45
Отчет №67;48
Отчет №68;27
Отчет №69;19
Отчет №70;1
Отчет №71;14
Отчет №72;44
Отчет №73;24
Отчет №74;36
Отчет №75;30
Отчет №76;5
Отчет №77;19
Отчет №78;37
Отчет №79;22
Отчет №80;13
Отчет №81;7
Отчет №82;29
Отчет №83;25
Отчет №84;28
Отчет №85;35
Отчет №86;40
Отчет №87;50
Отчет №88;2
Отчет №89;32
Отчет №90;15
Отчет №91;41
Отчет №92;2
Отчет №93;12
Отчет №94;19
Отчет №95;21
Отчет №96;7
Отчет №97;25
Отчет №98;27
Отчет №99;48
Отчет №100;25
Отчет №101;27
Отчет №102;9
Отчет №103;10
Отчет №104;36
Отчет №105;40
Отчет №106;37
Отчет №107;47
Отчет №108;30
Отчет №109;8
Отчет №110;39
Отчет №111;36
Отчет №112;34
Отчет №113;38
Отчет №114;38
Отчет №115;22
Отчет №116;17
Отчет №117;49
Отчет №118;46
Отчет №119;18
Отчет №120;1
Отчет №121;4
Отчет №122;46
Отчет №123;13
Отчет №124;50
Отчет №125;42
Отчет №126;26
Отчет №127;45
Отчет №128;6
Отчет №129;27
Отчет №130;32
Отчет №131;33
Отчет №132;33
Отчет №133;8
Отчет №134;14
Отчет №135;24
Отчет №136;11
Отчет №137;49
Отчет №138;20
Отчет №139;43
Отчет №140;12
Отчет №141;43
Отчет №142;6
Отчет №143;13
Отчет №144;25
Отчет №145;21
Отчет №146;21
Отчет №147;28
Отчет №148;38
Отчет №149;45
Отчет №150;41
Отчет №151;20
Отчет №152;26
Отчет №153;45
Отчет №154;49
Отчет №155;41
Отчет №156;13
Отчет №157;35
Отчет №158;8
Отчет №159;49
Отчет №160;30
Отчет №161;43
Отчет №162;23
Отчет №163;25
Отчет №164;20
Отчет №165;0
Отчет №166;23
Отчет №167;47
Отчет №168;17
Отчет №169;6
Отчет №170;43
Отчет №171;18
Отчет №172;3
Отчет №173;34
Отчет №174;21
Отчет №175;25
Отчет №176;2
Отчет №177;27
Отчет №178;15
Отчет №179;1
Отчет №180;30
Отчет №181;16
Отчет №182;15
Отчет №183;10
Отчет №184;6
Отчет №185;42
Отчет №186;12
Отчет №187;3
Отчет №188;10
Отчет №189;31
Отчет №190;6
Отчет №191;24
Отчет №192;14
Отчет №193;26
Отчет №194;14
Отчет №195;31
Отчет №196;4
Отчет №197;6
Отчет №198;44
Отчет №199;8
Отчет №200;7
Отчет №201;17
Отчет №202;48
Отчет №203;28
Отчет №204;13
Отчет №205;43
Отчет №206;44
Отчет №207;37
Отчет №208;50
Отчет №209;22
Отчет №210;19
Отчет №211;46
Отчет №212;8
Отчет №213;11
Отчет №214;29
Отчет №215;15
Отчет №216;23
Отчет №217;10
Отчет №218;7
Отчет №219;20
Отчет №220;21
Отчет №221;9
Отчет №222;13
Отчет №223;39
Отчет №224;22
Отчет №225;26
Отчет №226;46
Отчет №227;29
Отчет №228;5
Отчет №229;0
Отчет №230;5
Отчет №231;1
Отчет №232;7
Отчет №233;43
Отчет №234;12
Отчет №235;25
Отчет №236;34
Отчет №237;50
Отчет №238;45
Отчет №239;23
Отчет №240;7
Отчет №241;0
Отчет №242;1
Отчет №243;3
Отчет №244;22
Отчет №245;14
Отчет №246;36
Отчет №247;20
Отчет №248;26
Отчет №249;2
Отчет №250;49
Отчет №251;49
Отчет №252;16
Отчет №253;38
Отчет №254;11
Отчет №255;32
Отчет №256;2
Отчет №257;1
Отчет №258;29
Отчет №259;16
Отчет №260;3
Отчет №261;14
Отчет №262;38
Отчет №263;39
Отчет №264;15
Отчет №265;20
Отчет №266;8
Отчет №267;13
Отчет №268;28
Отчет №269;42
Отчет №270;47
Отчет №271;41
Отчет №272;43
Отчет №273;7
Отчет №274;18
Отчет №275;1
Отчет №276;5
Отчет №277;18
Отчет №278;27
Отчет №279;48
Отчет №280;2
Отчет №281;8
Отчет №282;2
Отчет №283;39
Отчет №284;16
Отчет №285;43
Отчет №286;6
Отчет №287;11
Отчет №288;47
Отчет №289;8
Отчет №290;40
Отчет №291;40
Отчет №292;0
Отчет №293;22
Отчет №294;22
Отчет №295;11
Отчет №296;15
Отчет №297;40
Отчет №298;23
Отчет №299;37
Отчет №300;26
Отчет №301;26
Отчет №302;6
Отчет №303;12
Отчет №304;23
Отчет №305;23
Отчет №306;40
Отчет №307;8
Отчет №308;24
Отчет №309;36
Отчет №310;2
Отчет №311;17
Отчет №312;36
Отчет №313;21
Отчет №314;41
Отчет №315;47
Отчет №316;49
Отчет №317;25
Отчет №318;50
Отчет №319;11
Отчет №320;49
Отчет №321;43
Отчет №322;38
Отчет №323;3
Отчет №324;18
Отчет №325;40
Отчет №326;40
Отчет №327;12
Отчет №328;46
Отчет №329;23
Отчет №330;42
Отчет №331;8
Отчет №332;42
Отчет №333;38
Отчет №334;18
Отчет №335;45
Отчет №336;32
Отчет №337;26
Отчет №338;39
Отчет №339;22
Отчет №340;34
Отчет №341;0
Отчет №342;23
Отчет №343;36
Отчет №344;14
Отчет №345;45
Отчет №346;21
Отчет №347;12
Отчет №348;41
Отчет №349;3
Отчет №350;1
Отчет №351;16
Отчет №352;7
Отчет №353;21
Отчет №354;20
Отчет №355;21
Отчет №356;24
Отчет №357;21
Отчет №358;4
Отчет №359;26
Отчет №360;37
Отчет №361;46
Отчет №362;33
Отчет №363;7
Отчет №364;40
Отчет №365;14
Отчет №366;34
Отчет №367;28
Отчет №368;5
Отчет №369;50
Отчет №370;11
Отчет №371;42
Отчет №372;39
Отчет №373;24
Отчет №374;16
Отчет №375;0
Отчет №376;49
Отчет №377;27
Отчет №378;48
Отчет №379;4
Отчет №380;46
Отчет №381;40
Отчет №382;16
Отчет №383;18
Отчет №384;40
Отчет №385;14
Отчет №386;41
Отчет №387;21
Отчет №388;47
Отчет №389;25
Отчет №390;18
Отчет №391;44
Отчет №392;31
Отчет №393;15
Отчет №394;14
Отчет №395;42
Отчет №396;2
Отчет №397;49
Отчет №398;14
Отчет №399;16
Отчет №400;22
Отчет №401;23
Отчет №402;37
Отчет №403;35
Отчет №404;7
Отчет №405;18
Отчет №406;43
Отчет №407;16
Отчет №408;45
Отчет №409;0
Отчет №410;11
Отчет №411;7
Отчет №412;49
Отчет №413;45
Отчет №414;4
Отчет №415;39
Отчет №416;22
Отчет №417;24
Отчет №418;31
Отчет №419;27
Отчет №420;21
Отчет №421;33
Отчет №422;42
Отчет №423;3
Отчет №424;21
Отчет №425;16
Отчет №426;36
Отчет №427;42
Отчет №428;11
Отчет №429;38
Отчет №430;37
Отчет №431;10
Отчет №432;35
Отчет №433;17
Отчет №434;15
Отчет №435;46
Отчет №436;21
Отчет №437;48
Отчет №438;28
Отчет №439;37
Отчет №440;43
Отчет №441;16
Отчет №442;39
Отчет №443;15
Отчет №444;11
Отчет №445;2
Отчет №446;20
Отчет №447;16
Отчет №448;12
Отчет №449;8
Отчет №450;18
Отчет №451;19
Отчет №452;31
Отчет №453;1
Отчет №454;49
Отчет №455;2
Отчет №456;35
Отчет №457;28
Отчет №458;19
Отчет №459;20
Отчет №460;36
Отчет №461;30
Отчет №462;35
Отчет №463;2
Отчет №464;33
Отчет №465;44
Отчет №466;7
Отчет №467;28
Отчет №468;47
Отчет №469;44
Отчет №470;29
Отчет №471;34
Отчет №472;45
Отчет №473;12
Отчет №474;32
Отчет №475;9
Отчет №476;42
Отчет №477;30
Отчет №478;36
Отчет №479;38
Отчет №480;20
Отчет №481;6
Отчет №482;34
Отчет №483;45
Отчет №484;42
Отчет №485;16
Отчет №486;47
Отчет №487;5
Отчет №488;30
Отчет №489;46
Отчет №490;20
Отчет №491;32
Отчет №492;15
Отчет №493;1
Отчет №494;49
Отчет №495;37
Отчет №496;25
Отчет №497;28
Отчет №498;41
Отчет №499;44
Отчет №500;22
Отчет №501;25
Отчет №502;46
Отчет №503;5
Отчет №504;25
Отчет №505;8
Отчет №506;19
Отчет №507;3
Отчет №508;5
Отчет №509;21
Отчет №510;41
Отчет №511;30
Отчет №512;23
Отчет №513;44
Отчет №514;31
Отчет №515;9
Отчет №516;8
Отчет №517;0
Отчет №518;41
Отчет №519;26
Отчет №520;43
Отчет №521;18
Отчет №522;2
Отчет №523;35
Отчет №524;0
Отчет №525;50
Отчет №526;36
Отчет №527;32
Отчет №528;33
Отчет №529;3
Отчет №530;40
Отчет №531;28
Отчет №532;38
Отчет №533;15
Отчет №534;25
Отчет №535;15
Отчет №536;12
Отчет №537;39
Отчет №538;30
Отчет №539;10
Отчет №540;0
Отчет №541;8
Отчет №542;34
Отчет №543;29
Отчет №544;49
Отчет №545;22
Отчет №546;7
Отчет №547;25
Отчет №548;18
Отчет №549;49
Отчет №550;39
Отчет №551;28
Отчет №552;34
Отчет №553;9
Отчет №554;12
Отчет №555;5
Отчет №556;43
Отчет №557;21
Отчет №558;0
Отчет №559;25
Отчет №560;18
Отчет №561;47
Отчет №562;47
Отчет №563;14
Отчет №564;22
Отчет №565;22
Отчет №566;14
Отчет №567;23
Отчет №568;36
Отчет №569;4
Отчет №570;45
Отчет №571;35
Отчет №572;47
Отчет №573;20
Отчет №574;25
Отчет №575;23
Отчет №576;18
Отчет №577;8
Отчет №578;34
Отчет №579;30
Отчет №580;28
Отчет №581;13
Отчет №582;45
Отчет №583;25
Отчет №584;43
Отчет №585;31
Отчет №586;34
Отчет №587;26
Отчет №588;48
Отчет №589;3
Отчет №590;35
Отчет №591;22
Отчет №592;21
Отчет №593;46
Отчет №594;49
Отчет №595;17
Отчет №596;34
Отчет №597;13
Отчет №598;27
Отчет №599;2
Отчет №600;19
Отчет №601;29
Отчет №602;10
Отчет №603;49
Отчет №604;6
Отчет №605;49
Отчет №606;21
Отчет №607;17
Отчет №608;9
Отчет №609;15
Отчет №610;4
Отчет №611;17
Отчет №612;42
Отчет №613;2
Отчет №614;13
Отчет №615;14
Отчет №616;37
Отчет №617;6
Отчет №618;30
Отчет №619;2
Отчет №620;47
Отчет №621;5
Отчет №622;24
Отчет №623;0
Отчет №624;12
Отчет №625;39
Отчет №626;50
Отчет №627;27
Отчет №628;41
Отчет №629;13
Отчет №630;22
Отчет №631;23
Отчет №632;15
Отчет №633;7
Отчет №634;14
Отчет №635;42
Отчет №636;1
Отчет №637;35
Отчет №638;38
Отчет №639;36
Отчет №640;30
Отчет №641;30
Отчет №642;20
Отчет №643;23
Отчет №644;26
Отчет №645;15
Отчет №646;16
Отчет №647;50
Отчет №648;8
Отчет №649;2
Отчет №650;20
Отчет №651;6
Отчет №652;28
Отчет №653;36
Отчет №654;15
Отчет №655;5
Отчет №656;22
Отчет №657;17
Отчет №658;49
Отчет №659;10
Отчет №660;3
Отчет №661;25
Отчет №662;25
Отчет №663;10
Отчет №664;33
Отчет №665;50
Отчет №666;46
Отчет №667;8
Отчет №668;28
Отчет №669;17
Отчет №670;16
Отчет №671;3
Отчет №672;7
Отчет №673;27
Отчет №674;36
Отчет №675;17
Отчет №676;47
Отчет №677;46
Отчет №678;17
Отчет №679;34
Отчет №680;47
Отчет №681;27
Отчет №682;39
Отчет №683;14
Отчет №684;27
Отчет №685;36
Отчет №686;32
Отчет №687;28
Отчет №688;15
Отчет №689;1
Отчет №690;25
Отчет №691;25
Отчет №692;41
Отчет №693;12
Отчет №694;47
Отчет №695;23
Отчет №696;41
Отчет №697;10
Отчет №698;18
Отчет №699;45
Отчет №700;10
Отчет №701;44
Отчет №702;27
Отчет №703;1
Отчет №704;44
Отчет №705;13
Отчет №706;46
Отчет №707;6
Отчет №708;4
Отчет №709;42
Отчет №710;16
Отчет №711;2
Отчет №712;42
Отчет №713;36
Отчет №714;11
Отчет №715;2
Отчет №716;46
Отчет №717;32
Отчет №718;37
Отчет №719;19
Отчет №720;17
Отчет №721;34
Отчет №722;8
Отчет №723;22
Отчет №724;35
Отчет №725;21
Отчет №726;14
Отчет №727;14
Отчет №728;41
Отчет №729;18
Отчет №730;4
Отчет №731;36
Отчет №732;43
Отчет №733;0
Отчет №734;21
Отчет №735;47
Отчет №736;17
Отчет №737;45
Отчет №738;42
Отчет №739;7
Отчет №740;22
Отчет №741;15
Отчет №742;11
Отчет №743;7
Отчет №744;1
Отчет №745;20
Отчет №746;28
Отчет №747;50
Отчет №748;6
Отчет №749;5
Отчет №750;36
Отчет №751;12
Отчет №752;10
Отчет №753;3
Отчет №754;24
Отчет №755;32
Отчет №756;30
Отчет №757;40
Отчет №758;34
Отчет №759;37
Отчет №760;16
Отчет №761;45
Отчет №762;34
Отчет №763;28
Отчет №764;0
Отчет №765;50
Отчет №766;48
Отчет №767;5
Отчет №768;44
Отчет №769;5
Отчет №770;12
Отчет №771;12
Отчет №772;20
Отчет №773;7
Отчет №774;49
Отчет №775;21
Отчет №776;34
Отчет №777;45
Отчет №778;24
Отчет №779;40
Отчет №780;17
Отчет №781;24
Отчет №782;13
Отчет №783;26
Отчет №784;48
Отчет №785;21
Отчет №786;39
Отчет №787;0
Отчет №788;39
Отчет №789;43
Отчет №790;1
Отчет №791;40
Отчет №792;26
Отчет №793;49
Отчет №794;32
Отчет №795;45
Отчет №796;47
Отчет №797;47
Отчет №798;29
Отчет №799;2
